,YEAR,RMSE,MAE
0,2006,32.581148567368516,27.53294696796115
